file,exists,kind,count,sources,recommendation,exports,absPath
"src/lib/api/index.ts",true,lib,33,"ts-prune",review,"import|monitored|API_CONSTANTS|ApiHelpers|ApiHealthChecker|DEFAULT_CONFIGS|apiExports","/home/felipe/Área de Trabalho/GitHub/SiteMetodoAtuarial/site-metodo/src/lib/api/index.ts"
"src/components/ui/index.ts",true,component,32,"ts-prune",review,"","/home/felipe/Área de Trabalho/GitHub/SiteMetodoAtuarial/site-metodo/src/components/ui/index.ts"
"src/validators/abacSchemas.ts",true,validator,32,"ts-prune",review,"departmentSchema|locationSchema|jobTitleSchema|usuarioABACSchema|usuarioUpdateABACSchema|abacSubjectSchema|abacObjectSchema|abacActionSchema","/home/felipe/Área de Trabalho/GitHub/SiteMetodoAtuarial/site-metodo/src/validators/abacSchemas.ts"
"src/types/next-auth-abac.d.ts",true,types,22,"ts-prune",review,"ABACContext|ABACResult|ABACRequest|ABACPolicy|ABACAccessLog|ABACauditEvent|ABACConfig|ABACStats","/home/felipe/Área de Trabalho/GitHub/SiteMetodoAtuarial/site-metodo/src/types/next-auth-abac.d.ts"
"src/types/next-auth.d.ts",true,types,22,"ts-prune",review,"ABACContext|ABACResult|ABACRequest|ABACPolicy|ABACAccessLog|ABACauditEvent|ABACConfig|ABACStats","/home/felipe/Área de Trabalho/GitHub/SiteMetodoAtuarial/site-metodo/src/types/next-auth.d.ts"
"src/lib/abac/types.ts",true,lib,20,"ts-prune",review,"Subject|Resource|Context|PolicyRule|RoleDefinition|AuthorizationRequest|AuthorizationResult|PolicyManager","/home/felipe/Área de Trabalho/GitHub/SiteMetodoAtuarial/site-metodo/src/lib/abac/types.ts"
"src/types/notifications.ts",true,other,18,"ts-prune",review,"NotificationData|NotificationTemplate|NotificationPreferences|PushSubscription|NotificationQueue|CreateNotificationRequest|BulkNotificationRequest|EmailTemplate","/home/felipe/Área de Trabalho/GitHub/SiteMetodoAtuarial/site-metodo/src/types/notifications.ts"
"src/lib/performance/lazyComponents.tsx",true,lib,15,"ts-prune",review,"AdminUsersTable|AdminDashboard|CalculosAtuariais|AuditoriaPage|ABACAdmin|DashboardAdmin|PerfilUsuarioModerno|withLazyLoading","/home/felipe/Área de Trabalho/GitHub/SiteMetodoAtuarial/site-metodo/src/lib/performance/lazyComponents.tsx"
"src/lib/performance/serviceWorkerUtils.ts",true,lib,13,"ts-prune",review,"isOffline|useOnlineStatus|useServiceWorkerStatus","/home/felipe/Área de Trabalho/GitHub/SiteMetodoAtuarial/site-metodo/src/lib/performance/serviceWorkerUtils.ts"
"src/lib/performance/routePrefetch.tsx",true,lib,12,"ts-prune",review,"CRITICAL_ROUTES|ROLE_BASED_ROUTES|PREFETCH_CONFIG|useSmartPrefetch|useHoverPrefetch|useVisibilityPrefetch|SmartLink|SmartNavigation","/home/felipe/Área de Trabalho/GitHub/SiteMetodoAtuarial/site-metodo/src/lib/performance/routePrefetch.tsx"
"src/lib/performance/imageOptimization.tsx",true,lib,11,"ts-prune",review,"IMAGE_SIZES|IMAGE_QUALITY|OptimizedImage|OptimizedAvatar|OptimizedBanner|generateResponsiveSizes|supportsWebP|supportsAVIF","/home/felipe/Área de Trabalho/GitHub/SiteMetodoAtuarial/site-metodo/src/lib/performance/imageOptimization.tsx"
"src/lib/performance/cacheStrategy.tsx",true,lib,10,"ts-prune",review,"queryClient|STATIC_CACHE_CONFIG|DYNAMIC_CACHE_CONFIG|CRITICAL_CACHE_CONFIG|QUERY_KEYS|useOptimisticCache|useInvalidateCache|prefetchCriticalData","/home/felipe/Área de Trabalho/GitHub/SiteMetodoAtuarial/site-metodo/src/lib/performance/cacheStrategy.tsx"
"src/lib/notification-service.ts",true,lib,9,"ts-prune",review,"UserInfo|NotificationWhereClause|NotificationOptions|NotificationPreferences|NotificationDeliveryResult|notificationService","/home/felipe/Área de Trabalho/GitHub/SiteMetodoAtuarial/site-metodo/src/lib/notification-service.ts"
"src/lib/performance/lighthouseConfig.ts",true,lib,9,"ts-prune",review,"LIGHTHOUSE_CONFIG|CRITICAL_PAGES|CORE_WEB_VITALS_THRESHOLDS|analyzeLighthouseResult|evaluateMetrics|generatePerformanceReport|CI_CONFIG|validateCIResult","/home/felipe/Área de Trabalho/GitHub/SiteMetodoAtuarial/site-metodo/src/lib/performance/lighthouseConfig.ts"
"src/styles/themes.ts",true,style,9,"ts-prune",review,"Theme|lightTheme|darkTheme|ThemeName|themes|defaultTheme|getThemeByName|getNextTheme","/home/felipe/Área de Trabalho/GitHub/SiteMetodoAtuarial/site-metodo/src/styles/themes.ts"
"src/components/ui/dropdown-menu.tsx",true,component,8,"ts-prune",review,"","/home/felipe/Área de Trabalho/GitHub/SiteMetodoAtuarial/site-metodo/src/components/ui/dropdown-menu.tsx"
"src/components/ui/sidebar.tsx",true,component,8,"ts-prune",review,"","/home/felipe/Área de Trabalho/GitHub/SiteMetodoAtuarial/site-metodo/src/components/ui/sidebar.tsx"
"src/lib/logger-winston-disabled.ts",true,lib,8,"ts-prune",review,"LogMeta|StructuredLogger|structuredLogger|structuredLogger|authLogger|auditLogger|performanceLogger|securityLogger","/home/felipe/Área de Trabalho/GitHub/SiteMetodoAtuarial/site-metodo/src/lib/logger-winston-disabled.ts"
"src/components/ui/chart.tsx",true,component,7,"ts-prune",manual,"ChartConfig","/home/felipe/Área de Trabalho/GitHub/SiteMetodoAtuarial/site-metodo/src/components/ui/chart.tsx"
"src/components/ui/pagination.tsx",true,component,7,"ts-prune",manual,"","/home/felipe/Área de Trabalho/GitHub/SiteMetodoAtuarial/site-metodo/src/components/ui/pagination.tsx"
"src/hooks/useRegistrarUsuario-abac.ts",true,hook,7,"ts-prune",manual,"useRegistrarUsuario|useValidarAtributosABAC|useVerificarEmailDisponivel|useRegistrarUsuario","/home/felipe/Área de Trabalho/GitHub/SiteMetodoAtuarial/site-metodo/src/hooks/useRegistrarUsuario-abac.ts"
"src/lib/actuarial/sample-data.ts",true,lib,7,"ts-prune",manual,"BR_EMS_MALE_2020|BR_EMS_FEMALE_2020|BR_DISABILITY_2020|EXAMPLE_LIFE_INSURANCE|EXAMPLE_ANNUITY|AVAILABLE_TABLES|getTableByName|getTablesByCountry","/home/felipe/Área de Trabalho/GitHub/SiteMetodoAtuarial/site-metodo/src/lib/actuarial/sample-data.ts"
"src/lib/api/helpers.ts",true,lib,7,"ts-prune",manual,"withCache|withMonitoring|withCacheAndMonitoring|withRateLimit|withRetry|withTimeout|withFullEnhancement","/home/felipe/Área de Trabalho/GitHub/SiteMetodoAtuarial/site-metodo/src/lib/api/helpers.ts"
"src/lib/notification-email-integration.ts",true,lib,7,"ts-prune",manual,"NotificationType|NotificationPriority|NotificationEmailIntegrationOptions|notificationEmailIntegration","/home/felipe/Área de Trabalho/GitHub/SiteMetodoAtuarial/site-metodo/src/lib/notification-email-integration.ts"
"src/lib/performance/bundleOptimization.ts",true,lib,7,"ts-prune",manual,"dynamicImportWithRetry|preloadModule|lazyWithPreload|PURE|createTreeShakableExport|ROUTE_CHUNKS|getChunkForRoute","/home/felipe/Área de Trabalho/GitHub/SiteMetodoAtuarial/site-metodo/src/lib/performance/bundleOptimization.ts"
"src/lib/simple-logger.ts",true,lib,7,"ts-prune",manual,"LogMeta|LogEntry|simpleLogger|authLogger|auditLogger|performanceLogger|securityLogger|simpleLogger","/home/felipe/Área de Trabalho/GitHub/SiteMetodoAtuarial/site-metodo/src/lib/simple-logger.ts"
"src/app/api/abac/policies/route.ts",true,api-route,6,"ts-prune",keep,"protectedGET|protectedPOST|protectedDELETE","/home/felipe/Área de Trabalho/GitHub/SiteMetodoAtuarial/site-metodo/src/app/api/abac/policies/route.ts"
"src/app/api/abac/roles/route.ts",true,api-route,6,"ts-prune",keep,"protectedGET|protectedPOST|protectedDELETE","/home/felipe/Área de Trabalho/GitHub/SiteMetodoAtuarial/site-metodo/src/app/api/abac/roles/route.ts"
"src/hooks/useRegistrarUsuario.ts",true,hook,6,"ts-prune",manual,"useRegistrarUsuario|useValidarAtributosABAC|useVerificarEmailDisponivel|useRegistrarUsuario","/home/felipe/Área de Trabalho/GitHub/SiteMetodoAtuarial/site-metodo/src/hooks/useRegistrarUsuario.ts"
"src/lib/abac/enforcer-abac-puro.ts",true,lib,6,"ts-prune",manual,"abacEnforcerPuro","/home/felipe/Área de Trabalho/GitHub/SiteMetodoAtuarial/site-metodo/src/lib/abac/enforcer-abac-puro.ts"
"src/lib/email-service.ts",true,lib,6,"ts-prune",manual,"EmailOptions|EmailAttachment|TemplateEmailOptions|EmailStats|emailService","/home/felipe/Área de Trabalho/GitHub/SiteMetodoAtuarial/site-metodo/src/lib/email-service.ts"
"src/app/admin/dashboard/api/permissoes.ts",true,other,5,"ts-prune",manual,"","/home/felipe/Área de Trabalho/GitHub/SiteMetodoAtuarial/site-metodo/src/app/admin/dashboard/api/permissoes.ts"
"src/app/admin/dashboard/api/usuarios.ts",true,other,5,"ts-prune",manual,"","/home/felipe/Área de Trabalho/GitHub/SiteMetodoAtuarial/site-metodo/src/app/admin/dashboard/api/usuarios.ts"
"src/app/admin/dashboard/hooks/index.ts",true,other,5,"ts-prune",manual,"","/home/felipe/Área de Trabalho/GitHub/SiteMetodoAtuarial/site-metodo/src/app/admin/dashboard/hooks/index.ts"
"src/components/ui/dialog.tsx",true,component,5,"ts-prune",manual,"","/home/felipe/Área de Trabalho/GitHub/SiteMetodoAtuarial/site-metodo/src/components/ui/dialog.tsx"
"src/components/ui/form-field.tsx",true,component,5,"ts-prune",manual,"FormFieldProps|FormContainer|FormSection","/home/felipe/Área de Trabalho/GitHub/SiteMetodoAtuarial/site-metodo/src/components/ui/form-field.tsx"
"src/components/ui/loading.tsx",true,component,5,"ts-prune",manual,"LoadingSpinnerProps|PageLoading|ButtonLoading","/home/felipe/Área de Trabalho/GitHub/SiteMetodoAtuarial/site-metodo/src/components/ui/loading.tsx"
"src/components/ui/select.tsx",true,component,5,"ts-prune",manual,"","/home/felipe/Área de Trabalho/GitHub/SiteMetodoAtuarial/site-metodo/src/components/ui/select.tsx"
"src/lib/abac/hoc.tsx",true,lib,5,"ts-prune",manual,"WithABACOptions|withABAC|usePermission|PermissionGate|useRole|ABACProtectedPage","/home/felipe/Área de Trabalho/GitHub/SiteMetodoAtuarial/site-metodo/src/lib/abac/hoc.tsx"
"src/lib/atuarial/otimizacao-performance.ts",true,lib,5,"ts-prune",manual,"ResultadoBenchmark|RelatorioPerformance|OtimizadorPerformance|CacheCalculosAtuariais|cacheable","/home/felipe/Área de Trabalho/GitHub/SiteMetodoAtuarial/site-metodo/src/lib/atuarial/otimizacao-performance.ts"
"src/lib/audit/auditLogger.ts",true,lib,5,"ts-prune",manual,"AuditData|AuditLogger|auditLogger|useAuditLogger|auditLogger","/home/felipe/Área de Trabalho/GitHub/SiteMetodoAtuarial/site-metodo/src/lib/audit/auditLogger.ts"
"src/lib/notifications/notification-service.ts",true,lib,5,"ts-prune",manual,"NotificationRequest|BulkNotificationRequest|NotificationStats|NotificationService|notificationService|getNotificationService|notificationService","/home/felipe/Área de Trabalho/GitHub/SiteMetodoAtuarial/site-metodo/src/lib/notifications/notification-service.ts"
"src/lib/validation.ts",true,lib,5,"ts-prune",manual,"signInSchema|signUpSchema|totpSchema|SignInInput|SignUpInput|TotpInput","/home/felipe/Área de Trabalho/GitHub/SiteMetodoAtuarial/site-metodo/src/lib/validation.ts"
"src/app/api/permissoes/route.ts",true,api-route,4,"ts-prune",keep,"","/home/felipe/Área de Trabalho/GitHub/SiteMetodoAtuarial/site-metodo/src/app/api/permissoes/route.ts"
"src/app/api/usuarios/route.ts",true,api-route,4,"ts-prune",keep,"","/home/felipe/Área de Trabalho/GitHub/SiteMetodoAtuarial/site-metodo/src/app/api/usuarios/route.ts"
"src/configs/mfaConfig.ts",true,other,4,"ts-prune",manual,"MfaFlow|MfaConfig|mfaConfig|isMfaObrigatorio","/home/felipe/Área de Trabalho/GitHub/SiteMetodoAtuarial/site-metodo/src/configs/mfaConfig.ts"
"src/lib/abac/middleware.ts",true,lib,4,"ts-prune",manual,"ABACMiddlewareConfig|createABACMiddleware|withABACAuthorization","/home/felipe/Área de Trabalho/GitHub/SiteMetodoAtuarial/site-metodo/src/lib/abac/middleware.ts"
"src/lib/api/services/exchange-simple.ts",true,lib,4,"ts-prune",manual,"ExchangeRates|ExchangeOptions|ConversionResult|ExchangeService|exchangeService","/home/felipe/Área de Trabalho/GitHub/SiteMetodoAtuarial/site-metodo/src/lib/api/services/exchange-simple.ts"
"src/lib/atuarial/calculos-financeiros.ts",true,lib,4,"ts-prune",manual,"DadosAnuidade|DadosSeguro|IntervaloConfianca|ProjecaoFinanceira|AnaliseRisco|ResumoExecutivo|RelatorioCompleto|CalculosFinanceirosAtuariais","/home/felipe/Área de Trabalho/GitHub/SiteMetodoAtuarial/site-metodo/src/lib/atuarial/calculos-financeiros.ts"
"src/lib/logger.ts",true,lib,4,"ts-prune",manual,"LogMeta|structuredLogger|structuredLogger|performanceLogger|logHelpers","/home/felipe/Área de Trabalho/GitHub/SiteMetodoAtuarial/site-metodo/src/lib/logger.ts"
"src/lib/notifications/push-service.ts",true,lib,4,"ts-prune",manual,"PushSubscription|PushConfig|PushNotificationData|PushNotificationService|createPushNotificationService|PushNotificationService","/home/felipe/Área de Trabalho/GitHub/SiteMetodoAtuarial/site-metodo/src/lib/notifications/push-service.ts"
"src/middleware/logging.ts",true,other,4,"ts-prune",manual,"createLoggingMiddleware|createAuditMiddleware|createRateLimitMiddleware|createComprehensiveMiddleware|createComprehensiveMiddleware","/home/felipe/Área de Trabalho/GitHub/SiteMetodoAtuarial/site-metodo/src/middleware/logging.ts"
"src/utils/validation.ts",true,other,4,"ts-prune",manual,"emailValidation|passwordValidation|confirmPasswordValidation|nameValidation","/home/felipe/Área de Trabalho/GitHub/SiteMetodoAtuarial/site-metodo/src/utils/validation.ts"
"src/app/api/admin/tabuas-mortalidade/[id]/route.ts",true,api-route,3,"ts-prune",keep,"","/home/felipe/Área de Trabalho/GitHub/SiteMetodoAtuarial/site-metodo/src/app/api/admin/tabuas-mortalidade/[id]/route.ts"
"src/app/api/cep/route.ts",true,api-route,3,"ts-prune",keep,"","/home/felipe/Área de Trabalho/GitHub/SiteMetodoAtuarial/site-metodo/src/app/api/cep/route.ts"
"src/app/api/notifications/push/route.ts",true,api-route,3,"ts-prune",keep,"","/home/felipe/Área de Trabalho/GitHub/SiteMetodoAtuarial/site-metodo/src/app/api/notifications/push/route.ts"
"src/app/layout.tsx",true,other,3,"ts-prune",manual,"metadata|viewport|function","/home/felipe/Área de Trabalho/GitHub/SiteMetodoAtuarial/site-metodo/src/app/layout.tsx"
"src/components/auth/AuthGuard.tsx",true,component,3,"ts-prune",manual,"AuthGuard|useAuth|withAuthGuard|AuthGuard","/home/felipe/Área de Trabalho/GitHub/SiteMetodoAtuarial/site-metodo/src/components/auth/AuthGuard.tsx"
"src/components/notifications/notification-badge.tsx",true,component,3,"ts-prune",manual,"NotificationBadge|SimpleNotificationBadge|NotificationIndicator","/home/felipe/Área de Trabalho/GitHub/SiteMetodoAtuarial/site-metodo/src/components/notifications/notification-badge.tsx"
"src/components/ui/card.tsx",true,component,3,"ts-prune",manual,"CardProps","/home/felipe/Área de Trabalho/GitHub/SiteMetodoAtuarial/site-metodo/src/components/ui/card.tsx"
"src/components/ui/navigation-menu.tsx",true,component,3,"ts-prune",manual,"","/home/felipe/Área de Trabalho/GitHub/SiteMetodoAtuarial/site-metodo/src/components/ui/navigation-menu.tsx"
"src/hooks/useCalculosAtuariais.ts",true,hook,3,"ts-prune",manual,"useCalculosAtuariais","/home/felipe/Área de Trabalho/GitHub/SiteMetodoAtuarial/site-metodo/src/hooks/useCalculosAtuariais.ts"
"src/lib/api/cache-simple.ts",true,lib,3,"ts-prune",manual,"CacheEntry|CacheStats|SimpleApiCache|apiCache","/home/felipe/Área de Trabalho/GitHub/SiteMetodoAtuarial/site-metodo/src/lib/api/cache-simple.ts"
"src/lib/api/services/cep-simple.ts",true,lib,3,"ts-prune",manual,"CepData|CepLookupOptions|CepService|cepService","/home/felipe/Área de Trabalho/GitHub/SiteMetodoAtuarial/site-metodo/src/lib/api/services/cep-simple.ts"
"src/lib/calculadora-atuarial.ts",true,lib,3,"ts-prune",manual,"TaxaMortalidade|ResultadoSeguroVida|ResultadoAtuarial|CalculadoraAtuarial|calculadoraAtuarial","/home/felipe/Área de Trabalho/GitHub/SiteMetodoAtuarial/site-metodo/src/lib/calculadora-atuarial.ts"
"src/lib/email-logger.ts",true,lib,3,"ts-prune",manual,"EmailLogEntry|EmailMetrics|EmailStats|emailLogger","/home/felipe/Área de Trabalho/GitHub/SiteMetodoAtuarial/site-metodo/src/lib/email-logger.ts"
"src/lib/email-service.server.ts",true,lib,3,"ts-prune",manual,"EmailOptions|EmailAttachment|TemplateEmailOptions|EmailStats|EmailLogsFilters|IEmailService|emailService","/home/felipe/Área de Trabalho/GitHub/SiteMetodoAtuarial/site-metodo/src/lib/email-service.server.ts"
"src/lib/logger-simple.ts",true,lib,3,"ts-prune",manual,"Logger|logger","/home/felipe/Área de Trabalho/GitHub/SiteMetodoAtuarial/site-metodo/src/lib/logger-simple.ts"
"src/lib/monitoring.ts",true,lib,3,"ts-prune",manual,"MonitoringService|monitoring|withMonitoring|monitoring","/home/felipe/Área de Trabalho/GitHub/SiteMetodoAtuarial/site-metodo/src/lib/monitoring.ts"
"src/lib/notifications/websocket-server.ts",true,lib,3,"ts-prune",manual,"NotificationWebSocketServer|getWebSocketServer|initWebSocketServer","/home/felipe/Área de Trabalho/GitHub/SiteMetodoAtuarial/site-metodo/src/lib/notifications/websocket-server.ts"
"src/lib/validations/auth.ts",true,lib,3,"ts-prune",manual,"RegisterSchema|LoginSchema|RegisterData|LoginData","/home/felipe/Área de Trabalho/GitHub/SiteMetodoAtuarial/site-metodo/src/lib/validations/auth.ts"
"src/lib/zustand/hooks.ts",true,lib,3,"ts-prune",manual,"useTheme|useSidebarState|useSessionState|useModalState|useExcelAnalysis","/home/felipe/Área de Trabalho/GitHub/SiteMetodoAtuarial/site-metodo/src/lib/zustand/hooks.ts"
"src/actions/signin.ts",true,other,2,"ts-prune",manual,"SignInCredentialsResult|SignInEmailResult","/home/felipe/Área de Trabalho/GitHub/SiteMetodoAtuarial/site-metodo/src/actions/signin.ts"
"src/app/admin/dashboard/api/acessos-semana.ts",true,other,2,"ts-prune",manual,"","/home/felipe/Área de Trabalho/GitHub/SiteMetodoAtuarial/site-metodo/src/app/admin/dashboard/api/acessos-semana.ts"
"src/app/admin/dashboard/api/acessos.ts",true,other,2,"ts-prune",manual,"","/home/felipe/Área de Trabalho/GitHub/SiteMetodoAtuarial/site-metodo/src/app/admin/dashboard/api/acessos.ts"
"src/app/admin/dashboard/api/atividades.ts",true,other,2,"ts-prune",manual,"","/home/felipe/Área de Trabalho/GitHub/SiteMetodoAtuarial/site-metodo/src/app/admin/dashboard/api/atividades.ts"
"src/app/admin/dashboard/api/schemas.ts",true,other,2,"ts-prune",manual,"usuarioSchema|Usuario|permissaoSchema|Permissao","/home/felipe/Área de Trabalho/GitHub/SiteMetodoAtuarial/site-metodo/src/app/admin/dashboard/api/schemas.ts"
"src/app/api/aderencia-tabuas/analise-exceljs/route.ts",true,api-route,2,"ts-prune",keep,"","/home/felipe/Área de Trabalho/GitHub/SiteMetodoAtuarial/site-metodo/src/app/api/aderencia-tabuas/analise-exceljs/route.ts"
"src/app/api/aderencia-tabuas/analise-python/route.ts",true,api-route,2,"ts-prune",keep,"","/home/felipe/Área de Trabalho/GitHub/SiteMetodoAtuarial/site-metodo/src/app/api/aderencia-tabuas/analise-python/route.ts"
"src/app/api/aderencia-tabuas/chi-quadrado/route.ts",true,api-route,2,"ts-prune",keep,"","/home/felipe/Área de Trabalho/GitHub/SiteMetodoAtuarial/site-metodo/src/app/api/aderencia-tabuas/chi-quadrado/route.ts"
"src/app/api/aderencia-tabuas/configuracao-avancada/route.ts",true,api-route,2,"ts-prune",keep,"","/home/felipe/Área de Trabalho/GitHub/SiteMetodoAtuarial/site-metodo/src/app/api/aderencia-tabuas/configuracao-avancada/route.ts"
"src/app/api/aderencia-tabuas/relatorio/route.ts",true,api-route,2,"ts-prune",keep,"","/home/felipe/Área de Trabalho/GitHub/SiteMetodoAtuarial/site-metodo/src/app/api/aderencia-tabuas/relatorio/route.ts"
"src/app/api/aderencia-tabuas/salvar-dados/route.ts",true,api-route,2,"ts-prune",keep,"","/home/felipe/Área de Trabalho/GitHub/SiteMetodoAtuarial/site-metodo/src/app/api/aderencia-tabuas/salvar-dados/route.ts"
"src/app/api/aderencia-tabuas/upload/route.ts",true,api-route,2,"ts-prune",keep,"","/home/felipe/Área de Trabalho/GitHub/SiteMetodoAtuarial/site-metodo/src/app/api/aderencia-tabuas/upload/route.ts"
"src/app/api/aderencia-tabuas/validar-upload/route.ts",true,api-route,2,"ts-prune",keep,"","/home/felipe/Área de Trabalho/GitHub/SiteMetodoAtuarial/site-metodo/src/app/api/aderencia-tabuas/validar-upload/route.ts"
"src/app/api/admin/calculos-atuariais/route.ts",true,api-route,2,"ts-prune",keep,"","/home/felipe/Área de Trabalho/GitHub/SiteMetodoAtuarial/site-metodo/src/app/api/admin/calculos-atuariais/route.ts"
"src/app/api/admin/tabuas-mortalidade/route.ts",true,api-route,2,"ts-prune",keep,"","/home/felipe/Área de Trabalho/GitHub/SiteMetodoAtuarial/site-metodo/src/app/api/admin/tabuas-mortalidade/route.ts"
"src/app/api/atuarial/calcular/route.ts",true,api-route,2,"ts-prune",keep,"","/home/felipe/Área de Trabalho/GitHub/SiteMetodoAtuarial/site-metodo/src/app/api/atuarial/calcular/route.ts"
"src/app/api/auth/[...nextauth]/route.ts",true,api-route,2,"ts-prune",keep,"","/home/felipe/Área de Trabalho/GitHub/SiteMetodoAtuarial/site-metodo/src/app/api/auth/[...nextauth]/route.ts"
"src/app/api/emails/route.ts",true,api-route,2,"ts-prune",keep,"","/home/felipe/Área de Trabalho/GitHub/SiteMetodoAtuarial/site-metodo/src/app/api/emails/route.ts"
"src/app/api/exchange/route.ts",true,api-route,2,"ts-prune",keep,"","/home/felipe/Área de Trabalho/GitHub/SiteMetodoAtuarial/site-metodo/src/app/api/exchange/route.ts"
"src/app/api/monitoring/metrics/route.ts",true,api-route,2,"ts-prune",keep,"","/home/felipe/Área de Trabalho/GitHub/SiteMetodoAtuarial/site-metodo/src/app/api/monitoring/metrics/route.ts"
"src/app/api/notifications/[id]/route.ts",true,api-route,2,"ts-prune",keep,"","/home/felipe/Área de Trabalho/GitHub/SiteMetodoAtuarial/site-metodo/src/app/api/notifications/[id]/route.ts"
"src/app/api/notifications/route.ts",true,api-route,2,"ts-prune",keep,"","/home/felipe/Área de Trabalho/GitHub/SiteMetodoAtuarial/site-metodo/src/app/api/notifications/route.ts"
"src/app/api/test/apis/route.ts",true,api-route,2,"ts-prune",keep,"","/home/felipe/Área de Trabalho/GitHub/SiteMetodoAtuarial/site-metodo/src/app/api/test/apis/route.ts"
"src/app/api/users/route.ts",true,api-route,2,"ts-prune",keep,"","/home/felipe/Área de Trabalho/GitHub/SiteMetodoAtuarial/site-metodo/src/app/api/users/route.ts"
"src/app/area-cliente/page.tsx",true,page,2,"ts-prune",keep,"dynamic|function","/home/felipe/Área de Trabalho/GitHub/SiteMetodoAtuarial/site-metodo/src/app/area-cliente/page.tsx"
"src/app/area-cliente/perfil/page.tsx",true,page,2,"ts-prune",keep,"dynamic|function","/home/felipe/Área de Trabalho/GitHub/SiteMetodoAtuarial/site-metodo/src/app/area-cliente/perfil/page.tsx"
"src/app/cliente/page.tsx",true,page,2,"ts-prune",keep,"dynamic|function","/home/felipe/Área de Trabalho/GitHub/SiteMetodoAtuarial/site-metodo/src/app/cliente/page.tsx"
"src/app/cliente/perfil/page.tsx",true,page,2,"ts-prune",keep,"dynamic|function","/home/felipe/Área de Trabalho/GitHub/SiteMetodoAtuarial/site-metodo/src/app/cliente/perfil/page.tsx"
"src/app/cliente/seguranca/page.tsx",true,page,2,"ts-prune",keep,"dynamic|function","/home/felipe/Área de Trabalho/GitHub/SiteMetodoAtuarial/site-metodo/src/app/cliente/seguranca/page.tsx"
"src/app/cliente/sessoes/page.tsx",true,page,2,"ts-prune",keep,"dynamic|function","/home/felipe/Área de Trabalho/GitHub/SiteMetodoAtuarial/site-metodo/src/app/cliente/sessoes/page.tsx"
"src/app/unauthorized/page.tsx",true,page,2,"ts-prune",keep,"dynamic|function","/home/felipe/Área de Trabalho/GitHub/SiteMetodoAtuarial/site-metodo/src/app/unauthorized/page.tsx"
"src/components/theme-provider.tsx",true,component,2,"ts-prune",manual,"ThemeProvider|useTheme","/home/felipe/Área de Trabalho/GitHub/SiteMetodoAtuarial/site-metodo/src/components/theme-provider.tsx"
"src/components/ui/alert-dialog.tsx",true,component,2,"ts-prune",manual,"","/home/felipe/Área de Trabalho/GitHub/SiteMetodoAtuarial/site-metodo/src/components/ui/alert-dialog.tsx"
"src/components/ui/sheet.tsx",true,component,2,"ts-prune",manual,"","/home/felipe/Área de Trabalho/GitHub/SiteMetodoAtuarial/site-metodo/src/components/ui/sheet.tsx"
"src/components/ui/ThemeProviderZustand.tsx",true,component,2,"ts-prune",manual,"ThemeToggleZustand|ThemeToggleZustand|HydrateCurrentUser","/home/felipe/Área de Trabalho/GitHub/SiteMetodoAtuarial/site-metodo/src/components/ui/ThemeProviderZustand.tsx"
"src/configs/navigationConfig.ts",true,other,2,"ts-prune",manual,"NavigationItem|navigationConfig","/home/felipe/Área de Trabalho/GitHub/SiteMetodoAtuarial/site-metodo/src/configs/navigationConfig.ts"
"src/configs/themeOptions.ts",true,other,2,"ts-prune",manual,"ThemeOption|themeOptions","/home/felipe/Área de Trabalho/GitHub/SiteMetodoAtuarial/site-metodo/src/configs/themeOptions.ts"
"src/lib/actuarial/calculations.ts",true,lib,2,"ts-prune",manual,"MortalityTableEntry|MortalityTable|LifeInsuranceParams|AnnuityParams|MortalityCalculations|LifeInsuranceCalculations|AnnuityCalculations|FinancialMath","/home/felipe/Área de Trabalho/GitHub/SiteMetodoAtuarial/site-metodo/src/lib/actuarial/calculations.ts"
"src/lib/api/services/cep.ts",true,lib,2,"ts-prune",manual,"CepData|CepError|CepService|cepService|CepService","/home/felipe/Área de Trabalho/GitHub/SiteMetodoAtuarial/site-metodo/src/lib/api/services/cep.ts"
"src/lib/auth.ts",true,lib,2,"ts-prune",manual,"","/home/felipe/Área de Trabalho/GitHub/SiteMetodoAtuarial/site-metodo/src/lib/auth.ts"
"src/lib/email-service-new.ts",true,lib,2,"ts-prune",manual,"emailService","/home/felipe/Área de Trabalho/GitHub/SiteMetodoAtuarial/site-metodo/src/lib/email-service-new.ts"
"src/server/services/audit.server.ts",true,other,2,"ts-prune",manual,"","/home/felipe/Área de Trabalho/GitHub/SiteMetodoAtuarial/site-metodo/src/server/services/audit.server.ts"
"src/types/analise-excel.d.ts",true,types,2,"ts-prune",manual,"DadosAnaliseExcel|PlanilhaExcel|LinhaExcel|CelulaExcel","/home/felipe/Área de Trabalho/GitHub/SiteMetodoAtuarial/site-metodo/src/types/analise-excel.d.ts"
"src/validators/usuarioSchemas.ts",true,validator,2,"ts-prune",manual,"usuarioSchema|usuarioUpdateSchema","/home/felipe/Área de Trabalho/GitHub/SiteMetodoAtuarial/site-metodo/src/validators/usuarioSchemas.ts"
"src/app/aderencia-tabuas/page.tsx",true,page,1,"ts-prune",keep,"function","/home/felipe/Área de Trabalho/GitHub/SiteMetodoAtuarial/site-metodo/src/app/aderencia-tabuas/page.tsx"
"src/app/admin/abac/page-old.tsx",true,other,1,"ts-prune",manual,"function","/home/felipe/Área de Trabalho/GitHub/SiteMetodoAtuarial/site-metodo/src/app/admin/abac/page-old.tsx"
"src/app/admin/audit-logs/page.tsx",true,page,1,"ts-prune",keep,"function","/home/felipe/Área de Trabalho/GitHub/SiteMetodoAtuarial/site-metodo/src/app/admin/audit-logs/page.tsx"
"src/app/admin/calculos-atuariais/page.tsx",true,page,1,"ts-prune",keep,"function","/home/felipe/Área de Trabalho/GitHub/SiteMetodoAtuarial/site-metodo/src/app/admin/calculos-atuariais/page.tsx"
"src/app/admin/dashboard/components/GraficoUsuarios.tsx",true,other,1,"ts-prune",manual,"GraficoUsuarios","/home/felipe/Área de Trabalho/GitHub/SiteMetodoAtuarial/site-metodo/src/app/admin/dashboard/components/GraficoUsuarios.tsx"
"src/app/admin/dashboard/components/index.ts",true,other,1,"ts-prune",manual,"","/home/felipe/Área de Trabalho/GitHub/SiteMetodoAtuarial/site-metodo/src/app/admin/dashboard/components/index.ts"
"src/app/admin/dashboard/QueryProvider.tsx",true,other,1,"ts-prune",manual,"function","/home/felipe/Área de Trabalho/GitHub/SiteMetodoAtuarial/site-metodo/src/app/admin/dashboard/QueryProvider.tsx"
"src/app/admin/emails/page.tsx",true,page,1,"ts-prune",keep,"function","/home/felipe/Área de Trabalho/GitHub/SiteMetodoAtuarial/site-metodo/src/app/admin/emails/page.tsx"
"src/app/admin/mfa/page.tsx",true,page,1,"ts-prune",keep,"function","/home/felipe/Área de Trabalho/GitHub/SiteMetodoAtuarial/site-metodo/src/app/admin/mfa/page.tsx"
"src/app/admin/notifications/page.tsx",true,page,1,"ts-prune",keep,"function","/home/felipe/Área de Trabalho/GitHub/SiteMetodoAtuarial/site-metodo/src/app/admin/notifications/page.tsx"
"src/app/admin/usuarios/hooks/useUsuariosPaginados.ts",true,other,1,"ts-prune",manual,"UsuarioPaginado|useUsuariosPaginados","/home/felipe/Área de Trabalho/GitHub/SiteMetodoAtuarial/site-metodo/src/app/admin/usuarios/hooks/useUsuariosPaginados.ts"
"src/app/admin/usuarios/lista/page.tsx",true,page,1,"ts-prune",keep,"function","/home/felipe/Área de Trabalho/GitHub/SiteMetodoAtuarial/site-metodo/src/app/admin/usuarios/lista/page.tsx"
"src/app/analise-excel/layout.tsx",true,layout,1,"ts-prune",keep,"function","/home/felipe/Área de Trabalho/GitHub/SiteMetodoAtuarial/site-metodo/src/app/analise-excel/layout.tsx"
"src/app/analise-excel/page.tsx",true,page,1,"ts-prune",keep,"function","/home/felipe/Área de Trabalho/GitHub/SiteMetodoAtuarial/site-metodo/src/app/analise-excel/page.tsx"
"src/app/api/abac/check/route.ts",true,api-route,1,"ts-prune",keep,"","/home/felipe/Área de Trabalho/GitHub/SiteMetodoAtuarial/site-metodo/src/app/api/abac/check/route.ts"
"src/app/api/admin/audit-logs/route.ts",true,api-route,1,"ts-prune",keep,"","/home/felipe/Área de Trabalho/GitHub/SiteMetodoAtuarial/site-metodo/src/app/api/admin/audit-logs/route.ts"
"src/app/api/admin/calculos-atuariais/relatorio/route.ts",true,api-route,1,"ts-prune",keep,"","/home/felipe/Área de Trabalho/GitHub/SiteMetodoAtuarial/site-metodo/src/app/api/admin/calculos-atuariais/relatorio/route.ts"
"src/app/api/admin/dashboard/config/route.ts",true,api-route,1,"ts-prune",keep,"","/home/felipe/Área de Trabalho/GitHub/SiteMetodoAtuarial/site-metodo/src/app/api/admin/dashboard/config/route.ts"
"src/app/api/admin/dashboard/stats/route.ts",true,api-route,1,"ts-prune",keep,"","/home/felipe/Área de Trabalho/GitHub/SiteMetodoAtuarial/site-metodo/src/app/api/admin/dashboard/stats/route.ts"
"src/app/api/admin/metrics/route.ts",true,api-route,1,"ts-prune",keep,"","/home/felipe/Área de Trabalho/GitHub/SiteMetodoAtuarial/site-metodo/src/app/api/admin/metrics/route.ts"
"src/app/api/admin/mfa/disable/route.ts",true,api-route,1,"ts-prune",keep,"","/home/felipe/Área de Trabalho/GitHub/SiteMetodoAtuarial/site-metodo/src/app/api/admin/mfa/disable/route.ts"
"src/app/api/admin/mfa/status/route.ts",true,api-route,1,"ts-prune",keep,"","/home/felipe/Área de Trabalho/GitHub/SiteMetodoAtuarial/site-metodo/src/app/api/admin/mfa/status/route.ts"
"src/app/api/admin/mfa/totp/generate/route.ts",true,api-route,1,"ts-prune",keep,"","/home/felipe/Área de Trabalho/GitHub/SiteMetodoAtuarial/site-metodo/src/app/api/admin/mfa/totp/generate/route.ts"
"src/app/api/admin/mfa/totp/verify/route.ts",true,api-route,1,"ts-prune",keep,"","/home/felipe/Área de Trabalho/GitHub/SiteMetodoAtuarial/site-metodo/src/app/api/admin/mfa/totp/verify/route.ts"
"src/app/api/admin/notifications/[id]/read/route.ts",true,api-route,1,"ts-prune",keep,"","/home/felipe/Área de Trabalho/GitHub/SiteMetodoAtuarial/site-metodo/src/app/api/admin/notifications/[id]/read/route.ts"
"src/app/api/admin/notifications/route.ts",true,api-route,1,"ts-prune",keep,"","/home/felipe/Área de Trabalho/GitHub/SiteMetodoAtuarial/site-metodo/src/app/api/admin/notifications/route.ts"
"src/app/api/admin/tabuas-mortalidade/[id]/export/route.ts",true,api-route,1,"ts-prune",keep,"","/home/felipe/Área de Trabalho/GitHub/SiteMetodoAtuarial/site-metodo/src/app/api/admin/tabuas-mortalidade/[id]/export/route.ts"
"src/app/api/admin/tabuas-mortalidade/import/route.ts",true,api-route,1,"ts-prune",keep,"","/home/felipe/Área de Trabalho/GitHub/SiteMetodoAtuarial/site-metodo/src/app/api/admin/tabuas-mortalidade/import/route.ts"
"src/app/api/admin/users/[id]/route.ts",true,api-route,1,"ts-prune",keep,"","/home/felipe/Área de Trabalho/GitHub/SiteMetodoAtuarial/site-metodo/src/app/api/admin/users/[id]/route.ts"
"src/app/api/admin/users/route.ts",true,api-route,1,"ts-prune",keep,"","/home/felipe/Área de Trabalho/GitHub/SiteMetodoAtuarial/site-metodo/src/app/api/admin/users/route.ts"
"src/app/api/analise-excel/route.ts",true,api-route,1,"ts-prune",keep,"","/home/felipe/Área de Trabalho/GitHub/SiteMetodoAtuarial/site-metodo/src/app/api/analise-excel/route.ts"
"src/app/api/auth/custom-callbacks/apple/route.ts",true,api-route,1,"ts-prune",keep,"","/home/felipe/Área de Trabalho/GitHub/SiteMetodoAtuarial/site-metodo/src/app/api/auth/custom-callbacks/apple/route.ts"
"src/app/api/auth/custom-callbacks/github/route.ts",true,api-route,1,"ts-prune",keep,"","/home/felipe/Área de Trabalho/GitHub/SiteMetodoAtuarial/site-metodo/src/app/api/auth/custom-callbacks/github/route.ts"
"src/app/api/auth/custom-callbacks/microsoft/route.ts",true,api-route,1,"ts-prune",keep,"","/home/felipe/Área de Trabalho/GitHub/SiteMetodoAtuarial/site-metodo/src/app/api/auth/custom-callbacks/microsoft/route.ts"
"src/app/api/auth/custom-callbacks/twitter/route.ts",true,api-route,1,"ts-prune",keep,"","/home/felipe/Área de Trabalho/GitHub/SiteMetodoAtuarial/site-metodo/src/app/api/auth/custom-callbacks/twitter/route.ts"
"src/app/api/auth/custom-signout/route.ts",true,api-route,1,"ts-prune",keep,"","/home/felipe/Área de Trabalho/GitHub/SiteMetodoAtuarial/site-metodo/src/app/api/auth/custom-signout/route.ts"
"src/app/api/auth/forgot-password/route.ts",true,api-route,1,"ts-prune",keep,"","/home/felipe/Área de Trabalho/GitHub/SiteMetodoAtuarial/site-metodo/src/app/api/auth/forgot-password/route.ts"
"src/app/api/auth/linked-accounts/route.ts",true,api-route,1,"ts-prune",keep,"","/home/felipe/Área de Trabalho/GitHub/SiteMetodoAtuarial/site-metodo/src/app/api/auth/linked-accounts/route.ts"
"src/app/api/auth/local/forgot-password/route.ts",true,api-route,1,"ts-prune",keep,"","/home/felipe/Área de Trabalho/GitHub/SiteMetodoAtuarial/site-metodo/src/app/api/auth/local/forgot-password/route.ts"
"src/app/api/auth/local/register/route-abac.ts",true,api-route,1,"ts-prune",keep,"","/home/felipe/Área de Trabalho/GitHub/SiteMetodoAtuarial/site-metodo/src/app/api/auth/local/register/route-abac.ts"
"src/app/api/auth/local/register/route.ts",true,api-route,1,"ts-prune",keep,"","/home/felipe/Área de Trabalho/GitHub/SiteMetodoAtuarial/site-metodo/src/app/api/auth/local/register/route.ts"
"src/app/api/auth/local/session/route-abac.ts",true,api-route,1,"ts-prune",keep,"","/home/felipe/Área de Trabalho/GitHub/SiteMetodoAtuarial/site-metodo/src/app/api/auth/local/session/route-abac.ts"
"src/app/api/auth/local/session/route.ts",true,api-route,1,"ts-prune",keep,"","/home/felipe/Área de Trabalho/GitHub/SiteMetodoAtuarial/site-metodo/src/app/api/auth/local/session/route.ts"
"src/app/api/auth/local/signout/route.ts",true,api-route,1,"ts-prune",keep,"","/home/felipe/Área de Trabalho/GitHub/SiteMetodoAtuarial/site-metodo/src/app/api/auth/local/signout/route.ts"
"src/app/api/auth/register/route-abac.ts",true,api-route,1,"ts-prune",keep,"","/home/felipe/Área de Trabalho/GitHub/SiteMetodoAtuarial/site-metodo/src/app/api/auth/register/route-abac.ts"
"src/app/api/auth/register/route.ts",true,api-route,1,"ts-prune",keep,"","/home/felipe/Área de Trabalho/GitHub/SiteMetodoAtuarial/site-metodo/src/app/api/auth/register/route.ts"
"src/app/api/auth/session/route-abac.ts",true,api-route,1,"ts-prune",keep,"","/home/felipe/Área de Trabalho/GitHub/SiteMetodoAtuarial/site-metodo/src/app/api/auth/session/route-abac.ts"
"src/app/api/auth/session/route.ts",true,api-route,1,"ts-prune",keep,"","/home/felipe/Área de Trabalho/GitHub/SiteMetodoAtuarial/site-metodo/src/app/api/auth/session/route.ts"
"src/app/api/auth/totp-disable/route.ts",true,api-route,1,"ts-prune",keep,"","/home/felipe/Área de Trabalho/GitHub/SiteMetodoAtuarial/site-metodo/src/app/api/auth/totp-disable/route.ts"
"src/app/api/auth/totp-setup/route.ts",true,api-route,1,"ts-prune",keep,"","/home/felipe/Área de Trabalho/GitHub/SiteMetodoAtuarial/site-metodo/src/app/api/auth/totp-setup/route.ts"
"src/app/api/auth/totp-status/route.ts",true,api-route,1,"ts-prune",keep,"","/home/felipe/Área de Trabalho/GitHub/SiteMetodoAtuarial/site-metodo/src/app/api/auth/totp-status/route.ts"
"src/app/api/auth/totp-verify/route.ts",true,api-route,1,"ts-prune",keep,"","/home/felipe/Área de Trabalho/GitHub/SiteMetodoAtuarial/site-metodo/src/app/api/auth/totp-verify/route.ts"
"src/app/api/auth/unlink-provider/route.ts",true,api-route,1,"ts-prune",keep,"","/home/felipe/Área de Trabalho/GitHub/SiteMetodoAtuarial/site-metodo/src/app/api/auth/unlink-provider/route.ts"
"src/app/api/email/route.ts",true,api-route,1,"ts-prune",keep,"","/home/felipe/Área de Trabalho/GitHub/SiteMetodoAtuarial/site-metodo/src/app/api/email/route.ts"
"src/app/api/emails/send/route.ts",true,api-route,1,"ts-prune",keep,"","/home/felipe/Área de Trabalho/GitHub/SiteMetodoAtuarial/site-metodo/src/app/api/emails/send/route.ts"
"src/app/api/emails/test-connection/route.ts",true,api-route,1,"ts-prune",keep,"","/home/felipe/Área de Trabalho/GitHub/SiteMetodoAtuarial/site-metodo/src/app/api/emails/test-connection/route.ts"
"src/app/api/health/route.ts",true,api-route,1,"ts-prune",keep,"","/home/felipe/Área de Trabalho/GitHub/SiteMetodoAtuarial/site-metodo/src/app/api/health/route.ts"
"src/app/api/notifications/[id]/read/route.ts",true,api-route,1,"ts-prune",keep,"","/home/felipe/Área de Trabalho/GitHub/SiteMetodoAtuarial/site-metodo/src/app/api/notifications/[id]/read/route.ts"
"src/app/api/notifications/bulk/route.ts",true,api-route,1,"ts-prune",keep,"","/home/felipe/Área de Trabalho/GitHub/SiteMetodoAtuarial/site-metodo/src/app/api/notifications/bulk/route.ts"
"src/app/api/notifications/read-all/route.ts",true,api-route,1,"ts-prune",keep,"","/home/felipe/Área de Trabalho/GitHub/SiteMetodoAtuarial/site-metodo/src/app/api/notifications/read-all/route.ts"
"src/app/api/notifications/stats/route.ts",true,api-route,1,"ts-prune",keep,"","/home/felipe/Área de Trabalho/GitHub/SiteMetodoAtuarial/site-metodo/src/app/api/notifications/stats/route.ts"
"src/app/api/usuario/definir-senha/route.ts",true,api-route,1,"ts-prune",keep,"","/home/felipe/Área de Trabalho/GitHub/SiteMetodoAtuarial/site-metodo/src/app/api/usuario/definir-senha/route.ts"
"src/app/api/usuario/foto/route.ts",true,api-route,1,"ts-prune",keep,"","/home/felipe/Área de Trabalho/GitHub/SiteMetodoAtuarial/site-metodo/src/app/api/usuario/foto/route.ts"
"src/app/area-cliente/account-linking/page.tsx",true,page,1,"ts-prune",keep,"function","/home/felipe/Área de Trabalho/GitHub/SiteMetodoAtuarial/site-metodo/src/app/area-cliente/account-linking/page.tsx"
"src/app/area-cliente/CheckboxCustom.tsx",true,other,1,"ts-prune",manual,"CheckboxCustom","/home/felipe/Área de Trabalho/GitHub/SiteMetodoAtuarial/site-metodo/src/app/area-cliente/CheckboxCustom.tsx"
"src/app/area-cliente/dashboard-admin/page-moderno.tsx",true,other,1,"ts-prune",manual,"function","/home/felipe/Área de Trabalho/GitHub/SiteMetodoAtuarial/site-metodo/src/app/area-cliente/dashboard-admin/page-moderno.tsx"
"src/app/area-cliente/dashboard-admin/PageDashboardAdmin.tsx",true,other,1,"ts-prune",manual,"dynamic|PageDashboardAdmin","/home/felipe/Área de Trabalho/GitHub/SiteMetodoAtuarial/site-metodo/src/app/area-cliente/dashboard-admin/PageDashboardAdmin.tsx"
"src/app/area-cliente/dashboard-admin/UsuariosTable.tsx",true,other,1,"ts-prune",manual,"function","/home/felipe/Área de Trabalho/GitHub/SiteMetodoAtuarial/site-metodo/src/app/area-cliente/dashboard-admin/UsuariosTable.tsx"
"src/app/area-cliente/dashboard-admin/UsuariosTableFilters.tsx",true,other,1,"ts-prune",manual,"function","/home/felipe/Área de Trabalho/GitHub/SiteMetodoAtuarial/site-metodo/src/app/area-cliente/dashboard-admin/UsuariosTableFilters.tsx"
"src/app/area-cliente/DashboardAdminModerno.tsx",true,other,1,"ts-prune",manual,"DashboardAdmin","/home/felipe/Área de Trabalho/GitHub/SiteMetodoAtuarial/site-metodo/src/app/area-cliente/DashboardAdminModerno.tsx"
"src/app/area-cliente/documentos/page.tsx",true,page,1,"ts-prune",keep,"function","/home/felipe/Área de Trabalho/GitHub/SiteMetodoAtuarial/site-metodo/src/app/area-cliente/documentos/page.tsx"
"src/app/area-cliente/FotoPerfilUploader.tsx",true,other,1,"ts-prune",manual,"FotoPerfilUploader","/home/felipe/Área de Trabalho/GitHub/SiteMetodoAtuarial/site-metodo/src/app/area-cliente/FotoPerfilUploader.tsx"
"src/app/area-cliente/layout.tsx",true,layout,1,"ts-prune",keep,"function","/home/felipe/Área de Trabalho/GitHub/SiteMetodoAtuarial/site-metodo/src/app/area-cliente/layout.tsx"
"src/app/area-cliente/totp-setup/page.tsx",true,page,1,"ts-prune",keep,"function","/home/felipe/Área de Trabalho/GitHub/SiteMetodoAtuarial/site-metodo/src/app/area-cliente/totp-setup/page.tsx"
"src/app/area-cliente/totp-status/TotpStatus.tsx",true,other,1,"ts-prune",manual,"function","/home/felipe/Área de Trabalho/GitHub/SiteMetodoAtuarial/site-metodo/src/app/area-cliente/totp-status/TotpStatus.tsx"
"src/app/auth/error/page.tsx",true,page,1,"ts-prune",keep,"function","/home/felipe/Área de Trabalho/GitHub/SiteMetodoAtuarial/site-metodo/src/app/auth/error/page.tsx"
"src/app/calculadora-atuarial/page.tsx",true,page,1,"ts-prune",keep,"function","/home/felipe/Área de Trabalho/GitHub/SiteMetodoAtuarial/site-metodo/src/app/calculadora-atuarial/page.tsx"
"src/app/cliente/layout.tsx",true,layout,1,"ts-prune",keep,"function","/home/felipe/Área de Trabalho/GitHub/SiteMetodoAtuarial/site-metodo/src/app/cliente/layout.tsx"
"src/app/contato/metadata.ts",true,other,1,"ts-prune",manual,"metadata","/home/felipe/Área de Trabalho/GitHub/SiteMetodoAtuarial/site-metodo/src/app/contato/metadata.ts"
"src/app/contato/page.tsx",true,page,1,"ts-prune",keep,"function","/home/felipe/Área de Trabalho/GitHub/SiteMetodoAtuarial/site-metodo/src/app/contato/page.tsx"
"src/app/criar-conta/page.tsx",true,page,1,"ts-prune",keep,"function","/home/felipe/Área de Trabalho/GitHub/SiteMetodoAtuarial/site-metodo/src/app/criar-conta/page.tsx"
"src/app/dashboard/aderencia-tabuas/page.tsx",true,page,1,"ts-prune",keep,"function","/home/felipe/Área de Trabalho/GitHub/SiteMetodoAtuarial/site-metodo/src/app/dashboard/aderencia-tabuas/page.tsx"
"src/app/definir-senha/page.tsx",true,page,1,"ts-prune",keep,"DefinirSenhaPage","/home/felipe/Área de Trabalho/GitHub/SiteMetodoAtuarial/site-metodo/src/app/definir-senha/page.tsx"
"src/app/documentacao/page.tsx",true,page,1,"ts-prune",keep,"function","/home/felipe/Área de Trabalho/GitHub/SiteMetodoAtuarial/site-metodo/src/app/documentacao/page.tsx"
"src/app/login/page.tsx",true,page,1,"ts-prune",keep,"LoginPage","/home/felipe/Área de Trabalho/GitHub/SiteMetodoAtuarial/site-metodo/src/app/login/page.tsx"
"src/app/login/TotpPrompt.tsx",true,other,1,"ts-prune",manual,"function","/home/felipe/Área de Trabalho/GitHub/SiteMetodoAtuarial/site-metodo/src/app/login/TotpPrompt.tsx"
"src/app/metadata.ts",true,other,1,"ts-prune",manual,"metadata","/home/felipe/Área de Trabalho/GitHub/SiteMetodoAtuarial/site-metodo/src/app/metadata.ts"
"src/app/not-found.tsx",true,other,1,"ts-prune",manual,"function","/home/felipe/Área de Trabalho/GitHub/SiteMetodoAtuarial/site-metodo/src/app/not-found.tsx"
"src/app/page.tsx",true,other,1,"ts-prune",manual,"function","/home/felipe/Área de Trabalho/GitHub/SiteMetodoAtuarial/site-metodo/src/app/page.tsx"
"src/app/politica-privacidade/page.tsx",true,page,1,"ts-prune",keep,"function","/home/felipe/Área de Trabalho/GitHub/SiteMetodoAtuarial/site-metodo/src/app/politica-privacidade/page.tsx"
"src/app/recuperar-senha/page.tsx",true,page,1,"ts-prune",keep,"function","/home/felipe/Área de Trabalho/GitHub/SiteMetodoAtuarial/site-metodo/src/app/recuperar-senha/page.tsx"
"src/app/recuperar-senha/PageRecuperacao.tsx",true,other,1,"ts-prune",manual,"function","/home/felipe/Área de Trabalho/GitHub/SiteMetodoAtuarial/site-metodo/src/app/recuperar-senha/PageRecuperacao.tsx"
"src/app/relatorios-atuariais/page.tsx",true,page,1,"ts-prune",keep,"function","/home/felipe/Área de Trabalho/GitHub/SiteMetodoAtuarial/site-metodo/src/app/relatorios-atuariais/page.tsx"
"src/app/Rodape.tsx",true,other,1,"ts-prune",manual,"Rodape","/home/felipe/Área de Trabalho/GitHub/SiteMetodoAtuarial/site-metodo/src/app/Rodape.tsx"
"src/app/servicos/metadata.ts",true,other,1,"ts-prune",manual,"metadata","/home/felipe/Área de Trabalho/GitHub/SiteMetodoAtuarial/site-metodo/src/app/servicos/metadata.ts"
"src/app/servicos/page.tsx",true,page,1,"ts-prune",keep,"function","/home/felipe/Área de Trabalho/GitHub/SiteMetodoAtuarial/site-metodo/src/app/servicos/page.tsx"
"src/app/sobre-nos/page.tsx",true,page,1,"ts-prune",keep,"function","/home/felipe/Área de Trabalho/GitHub/SiteMetodoAtuarial/site-metodo/src/app/sobre-nos/page.tsx"
"src/app/sobre/metadata.ts",true,other,1,"ts-prune",manual,"metadata","/home/felipe/Área de Trabalho/GitHub/SiteMetodoAtuarial/site-metodo/src/app/sobre/metadata.ts"
"src/app/sobre/page.tsx",true,page,1,"ts-prune",keep,"function","/home/felipe/Área de Trabalho/GitHub/SiteMetodoAtuarial/site-metodo/src/app/sobre/page.tsx"
"src/app/termos-uso/page.tsx",true,page,1,"ts-prune",keep,"function","/home/felipe/Área de Trabalho/GitHub/SiteMetodoAtuarial/site-metodo/src/app/termos-uso/page.tsx"
"src/components/actuarial/ActuarialCalculator.tsx",true,component,1,"ts-prune",manual,"ActuarialCalculator","/home/felipe/Área de Trabalho/GitHub/SiteMetodoAtuarial/site-metodo/src/components/actuarial/ActuarialCalculator.tsx"
"src/components/actuarial/ActuarialReports.tsx",true,component,1,"ts-prune",manual,"ActuarialReports","/home/felipe/Área de Trabalho/GitHub/SiteMetodoAtuarial/site-metodo/src/components/actuarial/ActuarialReports.tsx"
"src/components/actuarial/MortalityTableImporter.tsx",true,component,1,"ts-prune",manual,"MortalityTableImporter","/home/felipe/Área de Trabalho/GitHub/SiteMetodoAtuarial/site-metodo/src/components/actuarial/MortalityTableImporter.tsx"
"src/components/admin/ApiMonitoringDashboard.tsx",true,component,1,"ts-prune",manual,"ApiMonitoringDashboard","/home/felipe/Área de Trabalho/GitHub/SiteMetodoAtuarial/site-metodo/src/components/admin/ApiMonitoringDashboard.tsx"
"src/components/admin/AuditDashboard.tsx",true,component,1,"ts-prune",manual,"AuditDashboard","/home/felipe/Área de Trabalho/GitHub/SiteMetodoAtuarial/site-metodo/src/components/admin/AuditDashboard.tsx"
"src/components/admin/data-table/DataTableBase.tsx",true,component,1,"ts-prune",manual,"DataTableBase|DataTableBase","/home/felipe/Área de Trabalho/GitHub/SiteMetodoAtuarial/site-metodo/src/components/admin/data-table/DataTableBase.tsx"
"src/components/admin/data-table/exportPdf.ts",true,component,1,"ts-prune",manual,"","/home/felipe/Área de Trabalho/GitHub/SiteMetodoAtuarial/site-metodo/src/components/admin/data-table/exportPdf.ts"
"src/components/admin/MonitoringDashboard.tsx",true,component,1,"ts-prune",manual,"function","/home/felipe/Área de Trabalho/GitHub/SiteMetodoAtuarial/site-metodo/src/components/admin/MonitoringDashboard.tsx"
"src/components/analise-excel/PopoverFormulaCelula.tsx",true,component,1,"ts-prune",manual,"function","/home/felipe/Área de Trabalho/GitHub/SiteMetodoAtuarial/site-metodo/src/components/analise-excel/PopoverFormulaCelula.tsx"
"src/components/auth/schemas.ts",true,component,1,"ts-prune",manual,"senhaSchema|registerSchema|RegisterFormData","/home/felipe/Área de Trabalho/GitHub/SiteMetodoAtuarial/site-metodo/src/components/auth/schemas.ts"
"src/components/ErrorBoundary.tsx",true,component,1,"ts-prune",manual,"ErrorBoundary","/home/felipe/Área de Trabalho/GitHub/SiteMetodoAtuarial/site-metodo/src/components/ErrorBoundary.tsx"
"src/components/notifications/notification-icon.tsx",true,component,1,"ts-prune",manual,"NotificationIcon","/home/felipe/Área de Trabalho/GitHub/SiteMetodoAtuarial/site-metodo/src/components/notifications/notification-icon.tsx"
"src/components/theme/ThemeProvider.tsx",true,component,1,"ts-prune",manual,"ThemeProvider","/home/felipe/Área de Trabalho/GitHub/SiteMetodoAtuarial/site-metodo/src/components/theme/ThemeProvider.tsx"
"src/components/theme/ThemeToggle.tsx",true,component,1,"ts-prune",manual,"ThemeToggle","/home/felipe/Área de Trabalho/GitHub/SiteMetodoAtuarial/site-metodo/src/components/theme/ThemeToggle.tsx"
"src/components/ui/alert.tsx",true,component,1,"ts-prune",manual,"","/home/felipe/Área de Trabalho/GitHub/SiteMetodoAtuarial/site-metodo/src/components/ui/alert.tsx"
"src/components/ui/avatar-custom.tsx",true,component,1,"ts-prune",manual,"AvatarCustom|memo","/home/felipe/Área de Trabalho/GitHub/SiteMetodoAtuarial/site-metodo/src/components/ui/avatar-custom.tsx"
"src/components/ui/badge.tsx",true,component,1,"ts-prune",manual,"","/home/felipe/Área de Trabalho/GitHub/SiteMetodoAtuarial/site-metodo/src/components/ui/badge.tsx"
"src/components/ui/breadcrumb.tsx",true,component,1,"ts-prune",manual,"","/home/felipe/Área de Trabalho/GitHub/SiteMetodoAtuarial/site-metodo/src/components/ui/breadcrumb.tsx"
"src/components/ui/button-custom.tsx",true,component,1,"ts-prune",manual,"","/home/felipe/Área de Trabalho/GitHub/SiteMetodoAtuarial/site-metodo/src/components/ui/button-custom.tsx"
"src/components/ui/calendar.tsx",true,component,1,"ts-prune",manual,"CalendarProps","/home/felipe/Área de Trabalho/GitHub/SiteMetodoAtuarial/site-metodo/src/components/ui/calendar.tsx"
"src/components/ui/ComponenteBase.tsx",true,component,1,"ts-prune",manual,"ComponenteBaseProps|ComponenteBase","/home/felipe/Área de Trabalho/GitHub/SiteMetodoAtuarial/site-metodo/src/components/ui/ComponenteBase.tsx"
"src/components/ui/dashboard-usuario-widget.tsx",true,component,1,"ts-prune",manual,"DashboardUsuarioWidget","/home/felipe/Área de Trabalho/GitHub/SiteMetodoAtuarial/site-metodo/src/components/ui/dashboard-usuario-widget.tsx"
"src/components/ui/input.tsx",true,component,1,"ts-prune",manual,"InputProps","/home/felipe/Área de Trabalho/GitHub/SiteMetodoAtuarial/site-metodo/src/components/ui/input.tsx"
"src/components/ui/mode-toggle.tsx",true,component,1,"ts-prune",manual,"ModeToggle","/home/felipe/Área de Trabalho/GitHub/SiteMetodoAtuarial/site-metodo/src/components/ui/mode-toggle.tsx"
"src/components/ui/popover.tsx",true,component,1,"ts-prune",manual,"","/home/felipe/Área de Trabalho/GitHub/SiteMetodoAtuarial/site-metodo/src/components/ui/popover.tsx"
"src/components/ui/scroll-area.tsx",true,component,1,"ts-prune",manual,"","/home/felipe/Área de Trabalho/GitHub/SiteMetodoAtuarial/site-metodo/src/components/ui/scroll-area.tsx"
"src/components/ui/skeleton.tsx",true,component,1,"ts-prune",manual,"SkeletonProps","/home/felipe/Área de Trabalho/GitHub/SiteMetodoAtuarial/site-metodo/src/components/ui/skeleton.tsx"
"src/components/ui/switch.tsx",true,component,1,"ts-prune",manual,"SwitchProps|Switch","/home/felipe/Área de Trabalho/GitHub/SiteMetodoAtuarial/site-metodo/src/components/ui/switch.tsx"
"src/configs/layoutConfigTemplates.ts",true,other,1,"ts-prune",manual,"layoutConfigTemplates","/home/felipe/Área de Trabalho/GitHub/SiteMetodoAtuarial/site-metodo/src/configs/layoutConfigTemplates.ts"
"src/configs/settingsConfig.ts",true,other,1,"ts-prune",manual,"settingsConfig","/home/felipe/Área de Trabalho/GitHub/SiteMetodoAtuarial/site-metodo/src/configs/settingsConfig.ts"
"src/contexts/AppContext.tsx",true,other,1,"ts-prune",manual,"AppContext","/home/felipe/Área de Trabalho/GitHub/SiteMetodoAtuarial/site-metodo/src/contexts/AppContext.tsx"
"src/emails/notification-email.tsx",true,other,1,"ts-prune",manual,"NotificationEmail|NotificationEmail","/home/felipe/Área de Trabalho/GitHub/SiteMetodoAtuarial/site-metodo/src/emails/notification-email.tsx"
"src/emails/password-reset-email.tsx",true,other,1,"ts-prune",manual,"PasswordResetEmail|PasswordResetEmail","/home/felipe/Área de Trabalho/GitHub/SiteMetodoAtuarial/site-metodo/src/emails/password-reset-email.tsx"
"src/emails/security-alert-email.tsx",true,other,1,"ts-prune",manual,"SecurityAlertEmail|SecurityAlertEmail","/home/felipe/Área de Trabalho/GitHub/SiteMetodoAtuarial/site-metodo/src/emails/security-alert-email.tsx"
"src/emails/templates.ts",true,other,1,"ts-prune",manual,"EmailTemplateProps|EmailTemplateType|getEmailTemplate","/home/felipe/Área de Trabalho/GitHub/SiteMetodoAtuarial/site-metodo/src/emails/templates.ts"
"src/emails/welcome-email.tsx",true,other,1,"ts-prune",manual,"WelcomeEmail|WelcomeEmail","/home/felipe/Área de Trabalho/GitHub/SiteMetodoAtuarial/site-metodo/src/emails/welcome-email.tsx"
"src/hooks/use-notifications.ts",true,hook,1,"ts-prune",manual,"useNotifications|useUnreadCount|usePushNotifications","/home/felipe/Área de Trabalho/GitHub/SiteMetodoAtuarial/site-metodo/src/hooks/use-notifications.ts"
"src/hooks/useAuditLogs.ts",true,hook,1,"ts-prune",manual,"useAuditLogs","/home/felipe/Área de Trabalho/GitHub/SiteMetodoAtuarial/site-metodo/src/hooks/useAuditLogs.ts"
"src/hooks/useRegistrarUsuario-backup-20250812-162717.ts",true,hook,1,"ts-prune",manual,"useRegistrarUsuario","/home/felipe/Área de Trabalho/GitHub/SiteMetodoAtuarial/site-metodo/src/hooks/useRegistrarUsuario-backup-20250812-162717.ts"
"src/hooks/useSession.ts",true,hook,1,"ts-prune",manual,"","/home/felipe/Área de Trabalho/GitHub/SiteMetodoAtuarial/site-metodo/src/hooks/useSession.ts"
"src/hooks/useSessions.ts",true,hook,1,"ts-prune",manual,"useSessions","/home/felipe/Área de Trabalho/GitHub/SiteMetodoAtuarial/site-metodo/src/hooks/useSessions.ts"
"src/lib/abac/prisma-adapter-abac.ts",true,lib,1,"ts-prune",manual,"PrismaAdapter","/home/felipe/Área de Trabalho/GitHub/SiteMetodoAtuarial/site-metodo/src/lib/abac/prisma-adapter-abac.ts"
"src/lib/abac/utils.ts",true,lib,1,"ts-prune",manual,"sanitizePolicyField|sanitizePolicyArray","/home/felipe/Área de Trabalho/GitHub/SiteMetodoAtuarial/site-metodo/src/lib/abac/utils.ts"
"src/lib/analise-excel/formatadoresExcel.ts",true,lib,1,"ts-prune",manual,"formatarValor","/home/felipe/Área de Trabalho/GitHub/SiteMetodoAtuarial/site-metodo/src/lib/analise-excel/formatadoresExcel.ts"
"src/lib/api/cache.ts",true,lib,1,"ts-prune",manual,"CacheOptions|CacheEntry|CacheStats|ApiCache|apiCache|cached|ApiCache","/home/felipe/Área de Trabalho/GitHub/SiteMetodoAtuarial/site-metodo/src/lib/api/cache.ts"
"src/lib/api/client.ts",true,lib,1,"ts-prune",manual,"ApiResponse|ApiError|ApiClientConfig|RequestOptions|ApiClient|createApiClient|clients|ApiClient","/home/felipe/Área de Trabalho/GitHub/SiteMetodoAtuarial/site-metodo/src/lib/api/client.ts"
"src/lib/api/services/exchange.ts",true,lib,1,"ts-prune",manual,"ExchangeRates|CurrencyConversion|CurrencyInfo|ExchangeService|exchangeService|ExchangeService","/home/felipe/Área de Trabalho/GitHub/SiteMetodoAtuarial/site-metodo/src/lib/api/services/exchange.ts"
"src/lib/atuarial/calculadora.ts",true,lib,1,"ts-prune",manual,"DadosAtuariais|ResultadoAtuarial|TABELA_MORTALIDADE_AT2000|CalculadoraAtuarial|calculadoraAtuarial|formatarMoeda|formatarPercentual","/home/felipe/Área de Trabalho/GitHub/SiteMetodoAtuarial/site-metodo/src/lib/atuarial/calculadora.ts"
"src/lib/atuarial/validacao-cruzada.ts",true,lib,1,"ts-prune",manual,"TABELA_MORTALIDADE_BR_EMS|TABELA_MORTALIDADE_AT83|ResultadoValidacaoCruzada|ValidadorTabelasMortalidade|gerarRelatorioValidacao","/home/felipe/Área de Trabalho/GitHub/SiteMetodoAtuarial/site-metodo/src/lib/atuarial/validacao-cruzada.ts"
"src/lib/audit.ts",true,lib,1,"ts-prune",manual,"AuditEntry|auditService","/home/felipe/Área de Trabalho/GitHub/SiteMetodoAtuarial/site-metodo/src/lib/audit.ts"
"src/lib/zustand/uiStore.ts",true,lib,1,"ts-prune",manual,"UIState|useUIStore|useUIStore","/home/felipe/Área de Trabalho/GitHub/SiteMetodoAtuarial/site-metodo/src/lib/zustand/uiStore.ts"
"src/utils/passwordStrength.ts",true,other,1,"ts-prune",manual,"PasswordStrength|calcularForcaSenha","/home/felipe/Área de Trabalho/GitHub/SiteMetodoAtuarial/site-metodo/src/utils/passwordStrength.ts"
"src/validators/permissaoSchemas.ts",true,validator,1,"ts-prune",manual,"permissaoSchema","/home/felipe/Área de Trabalho/GitHub/SiteMetodoAtuarial/site-metodo/src/validators/permissaoSchemas.ts"